{
  "nodes": {
    "N001": {
      "x": 2506.69091796875,
      "y": 1076.4630126953125
    },
    "N002": {
      "x": 2339.250244140625,
      "y": 1061.2686767578125
    },
    "N003": {
      "x": 2174.240478515625,
      "y": 1046.37841796875
    },
    "N004": {
      "x": 1852.48828125,
      "y": 1058.7261962890625
    },
    "N005": {
      "x": 1687.348388671875,
      "y": 1073.231689453125
    },
    "N006": {
      "x": 1519.976806640625,
      "y": 1087.179443359375
    },
    "N007": {
      "x": 1356.5106201171875,
      "y": 1102.242919921875
    },
    "N008A": {
      "x": 1278.4039306640625,
      "y": 1210.4764404296875
    },
    "N008B": {
      "x": 1458.04931640625,
      "y": 1211.0343017578125
    },
    "N009": {
      "x": 1596.9677734375,
      "y": 1211.59228515625
    },
    "N010": {
      "x": 1812.3270263671875,
      "y": 1212.13427734375
    },
    "N011": {
      "x": 2092.4033203125,
      "y": 1213.0205078125
    },
    "N012": {
      "x": 2312.653076171875,
      "y": 1212.1341552734375
    },
    "Staircase2": {
      "x": 1208.23193359375,
      "y": 1094.1044921875
    },
    "Staircase1": {
      "x": 2020.201904296875,
      "y": 1018.23095703125
    },
    "Staircase3": {
      "x": 2652.525390625,
      "y": 1228.836669921875
    },
    "Staircase4": {
      "x": 758.1918334960938,
      "y": 1132.6517333984375
    },
    "OliveCafe": {
      "x": 2083.849365234375,
      "y": 1105.2288818359375
    },
    "PanasExpress": {
      "x": 2097.82568359375,
      "y": 993.1666870117188
    },
    "MainGateway": {
      "x": 2074.86474609375,
      "y": 916.4434204101562
    },
    "GatewayA": {
      "x": 1257.7059326171875,
      "y": 934.2368774414062
    },
    "GatewayA1": {
      "x": 917.6270141601562,
      "y": 930.415771484375
    },
    "GatewayB2": {
      "x": 914.76123046875,
      "y": 1294.3765869140625
    },
    "GatewayB1": {
      "x": 1229.047607421875,
      "y": 1345.00634765625
    },
    "GatewayB": {
      "x": 2041.9888916015625,
      "y": 1347.8721923828125
    },
    "GatewayC": {
      "x": 2663.874755859375,
      "y": 1124.337158203125
    },
    "FemaleToilet1": {
      "x": 2568.89453125,
      "y": 1219.785400390625
    },
    "MaleToilet1": {
      "x": 2559.170166015625,
      "y": 1236.1951904296875
    },
    "MaleToilet2": {
      "x": 1533.5491943359375,
      "y": 1233.3592529296875
    },
    "FemaleToilet2": {
      "x": 1513.7967529296875,
      "y": 1234.4366455078125
    }
  },
  "turnPoints": {
    "T1": {
      "x": 2505.953125,
      "y": 1090.7481689453125
    },
    "T2": {
      "x": 2338.439208984375,
      "y": 1076.567138671875
    },
    "T3": {
      "x": 2173.14111328125,
      "y": 1061.499755859375
    },
    "T4": {
      "x": 1855.7470703125,
      "y": 1075.960693359375
    },
    "T5": {
      "x": 1689.157958984375,
      "y": 1088.8182373046875
    },
    "T6": {
      "x": 1520.8917236328125,
      "y": 1103.911865234375
    },
    "T7": {
      "x": 1358.2156982421875,
      "y": 1117.3284912109375
    },
    "T8": {
      "x": 1278.834228515625,
      "y": 1193.355712890625
    },
    "T9": {
      "x": 1458.840087890625,
      "y": 1194.4737548828125
    },
    "T10": {
      "x": 1596.3599853515625,
      "y": 1196.15087890625
    },
    "T11": {
      "x": 1812.7022705078125,
      "y": 1195.0328369140625
    },
    "T12": {
      "x": 2091.09619140625,
      "y": 1195.032958984375
    },
    "T13": {
      "x": 2311.351806640625,
      "y": 1196.7099609375
    },
    "T14": {
      "x": 2553.96826171875,
      "y": 1195.032958984375
    },
    "T15": {
      "x": 2649.00244140625,
      "y": 1195.032958984375
    },
    "T16": {
      "x": 2619.93310546875,
      "y": 1108.9432373046875
    },
    "T17": {
      "x": 2024.012939453125,
      "y": 1059.7489013671875
    },
    "T19": {
      "x": 2057.554443359375,
      "y": 1103.3529052734375
    },
    "T20": {
      "x": 2053.08203125,
      "y": 1192.7967529296875
    },
    "T21": {
      "x": 1534.3077392578125,
      "y": 1146.9566650390625
    },
    "T22": {
      "x": 1278.274658203125,
      "y": 1143.6025390625
    },
    "T23": {
      "x": 1263.1810302734375,
      "y": 1089.9361572265625
    },
    "T24": {
      "x": 1258.1497802734375,
      "y": 995.4611206054688
    },
    "T25": {
      "x": 914.9088745117188,
      "y": 994.3430786132812
    },
    "T26": {
      "x": 695.7714233398438,
      "y": 997.13818359375
    },
    "T28": {
      "x": 633.7197265625,
      "y": 999.374267578125
    },
    "T29": {
      "x": 645.459228515625,
      "y": 1136.335205078125
    },
    "T30": {
      "x": 653.8446044921875,
      "y": 1252.6121826171875
    },
    "T32": {
      "x": 732.1079711914062,
      "y": 1245.9039306640625
    },
    "T33": {
      "x": 908.7595825195312,
      "y": 1236.95947265625
    },
    "T34": {
      "x": 1232.4345703125,
      "y": 1208.4493408203125
    },
    "T35": {
      "x": 1522.7978515625,
      "y": 1194.7822265625
    },
    "T36": {
      "x": 1319.9361572265625,
      "y": 1207.11376953125
    },
    "T37": {
      "x": 703.906982421875,
      "y": 1132.8818359375
    },
    "T38": {
      "x": 726.4486694335938,
      "y": 1131.90185546875
    },
    "T39": {
      "x": 2087.745361328125,
      "y": 1058.689453125
    },
    "T40": {
      "x": 2079.905029296875,
      "y": 993.7266845703125
    },
    "T41": {
      "x": 2056.944091796875,
      "y": 1058.12939453125
    },
    "T42": {
      "x": 2555.82763671875,
      "y": 1219.1776123046875
    }
  },
  "edges": [
    {
      "id": "E175800447008726",
      "from": "N001",
      "to": "T1",
      "waypoints": []
    },
    {
      "id": "E1758004472335574",
      "from": "N002",
      "to": "T2",
      "waypoints": []
    },
    {
      "id": "E1758004474509892",
      "from": "N003",
      "to": "T3",
      "waypoints": []
    },
    {
      "id": "E1758004478597443",
      "from": "T1",
      "to": "T2",
      "waypoints": []
    },
    {
      "id": "E1758004480394396",
      "from": "T2",
      "to": "T3",
      "waypoints": []
    },
    {
      "id": "E1758004787409344",
      "from": "N004",
      "to": "T4",
      "waypoints": []
    },
    {
      "id": "E1758004792654634",
      "from": "N005",
      "to": "T5",
      "waypoints": []
    },
    {
      "id": "E1758004797492261",
      "from": "T4",
      "to": "T5",
      "waypoints": []
    },
    {
      "id": "E1758004803331697",
      "from": "N006",
      "to": "T6",
      "waypoints": []
    },
    {
      "id": "E1758004806288159",
      "from": "T5",
      "to": "T6",
      "waypoints": []
    },
    {
      "id": "E1758004810486812",
      "from": "T7",
      "to": "N007",
      "waypoints": []
    },
    {
      "id": "E1758004813172959",
      "from": "T7",
      "to": "T6",
      "waypoints": []
    },
    {
      "id": "E1758004840226606",
      "from": "T4",
      "to": "T17",
      "waypoints": []
    },
    {
      "id": "E175800485756040",
      "from": "T19",
      "to": "T20",
      "waypoints": []
    },
    {
      "id": "E1758004863967690",
      "from": "T20",
      "to": "T11",
      "waypoints": []
    },
    {
      "id": "E1758004868564768",
      "from": "T11",
      "to": "N010",
      "waypoints": []
    },
    {
      "id": "E1758004881358241",
      "from": "N009",
      "to": "T10",
      "waypoints": []
    },
    {
      "id": "E1758004884588650",
      "from": "T10",
      "to": "T11",
      "waypoints": []
    },
    {
      "id": "E1758004898214418",
      "from": "T6",
      "to": "T21",
      "waypoints": []
    },
    {
      "id": "E175800490410883",
      "from": "T21",
      "to": "T35",
      "waypoints": []
    },
    {
      "id": "E1758004909946355",
      "from": "T35",
      "to": "T10",
      "waypoints": []
    },
    {
      "id": "E1758004922284223",
      "from": "T35",
      "to": "T9",
      "waypoints": []
    },
    {
      "id": "E1758004926426568",